Psychological Medicine , (' CAL', 90, 2588) , [' CAL']
Biomacromolecules , (' Biomacromolecules', 100, 14259) , [' Biomacromolecules']
J Med Chem , (' J Med Chem', 100, 4776) , [' J Med Chem']
J Org Chem , (' J Org Chem', 100, 4934) , [' J Org Chem']
Journal of Medicinal Chemistry , (' Chemistry', 90, 9418) , [' Chemistry']
Journal of Proteome Research , (' Journal', 90, 17222) , [' Journal']
Mol Pharm , (' Mol Pharm', 100, 18870) , [' Mol Pharm']
ACS Chemical Biology , (' CAL', 90, 2588) , [' CAL']
Journal of Chemical Information and Modeling , (' Inform', 90, 4706) , [' Inform']
Biochemistry , (' Biochemistry', 100, 992) , [' Biochemistry']
Gastroenterology , (' Gastroenterology', 100, 3695) , [' Gastroenterology']
Journal of Biological Chemistry , (' Chemistry', 90, 9418) , [' Chemistry']
Journal of Immunology , (' Immunology', 90, 4027) , [' Immunology']
ACS Chemical Neuroscience , (' Neuroscience', 90, 5873) , [' Neuroscience']
ACS NANO , (' ACS Nano', 100, 21168) , [' ACS Nano']
American Chemical Society , (' Society', 90, 7304) , [' Society']
Analytical Chemistry , (' CAL', 90, 2588) , [' CAL']
Bioconjugate Chemistry , (' Chemistry', 90, 9418) , [' Chemistry']
Journal of Medicinal Chemistry  , (' Chemistry', 90, 9418) , [' Chemistry']
Journal of the American Chemical Society , (' Society', 90, 7304) , [' Society']
ACS Nano , (' ACS Nano', 100, 21168) , [' ACS Nano']
CHEST , (' Chest', 100, 2791) , [' Chest']
Journal of Neurophysiology , (' Journal', 90, 17222) , [' Journal']
Journal of Physiology , (' Log', 90, 5378) , [' Log']
The Journal of Neurophysiology , (' Journal', 90, 17222) , [' Journal']
American Journal of Psychiatry , (' Psychiatry', 90, 6542) , [' Psychiatry']
Americal Journal of Psychiatry , (' Psychiatry', 90, 6542) , [' Psychiatry']
Behavioral Neuroscience , (' Neuroscience', 90, 5873) , [' Neuroscience']
Emotion , (' Emotion', 100, 17487) , [' Emotion']
Health Psychology , (' Health Psychol', 90, 3435) , [' Health Psychol']
Journal of Abnormal Psychology , (' Psychology', 90, 13279) , [' Psychology']
Journal of Consulting and Clinical Psychology , (' Clinica', 90, 2957) , [' Clinica']
Journal of Experimental Psychology  Animal Behaviour Process , (' Behaviour', 90, 932) , [' Behaviour']
Journal of Experimental Psychology Human Perception and Performance , (' Perception', 90, 6194) , [' Perception']
Journal of Family Psychology , (' Psychology', 90, 13279) , [' Psychology']
Psychological Assessment , (' CAL', 90, 2588) , [' CAL']
Psychological Review , (' CAL', 90, 2588) , [' CAL']
Psychological Trauma Theory research practice and policy , (' Research', 90, 18758) , [' Research']
American Journal of Public Health , (' Public Health', 90, 6574) , [' Public Health']
J Biol Chem , (' J Biol Chem', 100, 4400) , [' J Biol Chem']
JOURNAL OF BIOLOGICAL CHEMISTRY , (' Chemistry', 90, 9418) , [' Chemistry']
The Journal of Biological Chemistry , (' Chemistry', 90, 9418) , [' Chemistry']
American Journal of Pathology , (' Pathology', 90, 6162) , [' Pathology']
Antimicrobial Agents and Chemotherapy , (' Chemotherapy', 90, 2790) , [' Chemotherapy']
Antimicrobial Agfents and Chemotherapy , (' Chemotherapy', 90, 2790) , [' Chemotherapy']
Clinical and Vaccine Immunology , (' Clinica', 90, 2957) , [' Clinica']
Eukaryotic Cell , (' Eukaryot Cell', 93, 14315) , [' Eukaryot Cell']
Infection and Immunity , (' Infection', 90, 4092) , [' Infection']
Journal of Bacteriology , (' Log', 90, 5378) , [' Log']
Journal of Virology , (' Log', 90, 5378) , [' Log']
Mbio , (' MBio', 100, 23390) , [' MBio']
Molecular and Cellular Biology , (' Cell', 90, 2707) , [' Cell']
Journal of Clinical Microbiology  , (' Microbiology', 90, 2474) , [' Microbiology']
Journal of Virology , (' Log', 90, 5378) , [' Log']
American Society for Nutrition , (' Nutrition', 90, 2014) , [' Nutrition']
Blood , (' Blood', 100, 1204) , [' Blood']
Blood Journal 2012 , (' Blood', 90, 1204) , [' Blood']
THE AMERICAN JOURNAL OF HUMAN GENETICS , (' Genetics', 90, 3724) , [' Genetics']
Jounral of Clinical Microbiology , (' Microbiology', 90, 2474) , [' Microbiology']
Speech Language and Hearing Research , (' Research', 90, 18758) , [' Research']
BIOLOGICAL CHEMISTRY , (' CAL', 90, 2588) , [' CAL']
Biologicial Chemistry , (' Log', 90, 5378) , [' Log']
J Biol Chemistry , (' Biol Chem', 90, 8521) , [' Biol Chem']
Journal of biological chemistry , (' Chemistry', 90, 9418) , [' Chemistry']
MCP Molecular & Cellular Proteomics , (' Proteomics', 90, 10003) , [' Proteomics']
Molecular and Cellular Proteomics , (' Proteomics', 90, 10003) , [' Proteomics']
The journal of Biological Chemistry , (' Chemistry', 90, 9418) , [' Chemistry']
Jnl Biological Chemistry , (' CAL', 90, 2588) , [' CAL']
Journal Biological Chemistry , (' Chemistry', 90, 9418) , [' Chemistry']
Journal of Biol Chem , (' RNA', 90, 8253) , [' RNA']
Journal of Vision , (' RNA', 90, 8253) , [' RNA']
Current Topics in Medicinal Chemistry , (' Chemistry', 90, 9418) , [' Chemistry']
Current Analytical Chemistry , (' Chemistry', 90, 9418) , [' Chemistry']
Evidence Ethos and Experiment The Anthropology and History of Medical Research in Africa , (' In Vitro Monogr', 86, 4034) , [' In Vitro Monogr']
Biochem Journal , (' Biochem J', 90, 975) , [' Biochem J']
Molecular Cell , (' Cell', 90, 2707) , [' Cell']
Arthritis Research & Therapy , (' Arthritis Res', 90, 9564) , [' Arthritis Res']
BioMed Central , (' Acta Biomed Ateneo Parmense', 86, 29) , [' Acta Biomed Ateneo Parmense']
BMC  Public Health , (' BMC Public Health', 97, 9642) , [' BMC Public Health']
BMC Biology , (' Log', 90, 5378) , [' Log']
BMC Genetics , (' Genetics', 90, 3724) , [' Genetics']
BMC Genome Biology , (' Genome', 90, 3727) , [' Genome']
BMC Genomics , (' BMC Genomics', 100, 9541) , [' BMC Genomics']
BMC Health Services Research , (' Research', 90, 18758) , [' Research']
BMC Medical Genetics , (' CAL', 90, 2588) , [' CAL']
BMC Medicine , (' BMC Med', 90, 18677) , [' BMC Med']
BMC Microbiology , (' Microbiology', 95, 2474) , [' Microbiology']
BMC Molecular Biology , (' Log', 90, 5378) , [' Log']
BMC Neurology , (' Neurology', 95, 5858) , [' Neurology']
BMC Neuroscience , (' Neuroscience', 95, 5873) , [' Neuroscience']
BMC Psychiatry , (' BMC Psychiatry', 100, 9892) , [' BMC Psychiatry']
BMC Public Health , (' BMC Public Health', 100, 9642) , [' BMC Public Health']
BMC Research Notes , (' Research', 90, 18758) , [' Research']
BMC Veterinary Research , (' Research', 90, 18758) , [' Research']
BMS Genomics , (' BMC Genomics', 92, 9541) , [' BMC Genomics']
Clinical Proteomics , (' CAL', 90, 2588) , [' CAL']
EvoDevo , (' Evodevo', 100, 22989) , [' Evodevo']
Genome Biology , (' Genome', 90, 3727) , [' Genome']
Genome Medicine , (' Genome', 90, 3727) , [' Genome']
International Journal for Equity in Health , (' Nation', 90, 13029) , [' Nation']
International Journal of Behavioral Nutrition and Physical Activity , (' Nutrition', 90, 2014) , [' Nutrition']
International Journal of Behavioural Nutrition and Physical Activity , (' Behaviour', 90, 932) , [' Behaviour']
International Journal of Health Geographics , (' Nation', 90, 13029) , [' Nation']
Journal of Cheminformatics , (' Inform', 90, 4706) , [' Inform']
Journal of Neuroinflammation , (' Inflammation', 90, 4076) , [' Inflammation']
Lipids in Health and Disease , (' Lipids', 90, 5337) , [' Lipids']
Malaria Journal , (' RN', 90, 7113) , [' RN']
Molecular Brain , (' Brain', 90, 1852) , [' Brain']
Molecular Pain , (' Pain', 90, 6128) , [' Pain']
Nutrition Journal , (' Nutrition', 90, 2014) , [' Nutrition']
Orphanet Journal of Rare Diseases , (' Journal', 90, 17222) , [' Journal']
Parasites and Vectors , (' Parasite', 90, 8205) , [' Parasite']
Public Health , (' Public Health', 100, 6574) , [' Public Health']
Respiratory Research , (' Research', 90, 18758) , [' Research']
Virology Journal , (' Log', 90, 5378) , [' Log']
BMC Genomics , (' BMC Genomics', 100, 9541) , [' BMC Genomics']
BMC Infectious Diseases  , (' Diseases', 90, 27612) , [' Diseases']
Hum Resour Health , (' Hum Resour Health', 100, 17413) , [' Hum Resour Health']
Implement Sci , (' Implement Sci', 100, 19367) , [' Implement Sci']
Malaria Journal  , (' RN', 90, 7113) , [' RN']
Parasit Vectors , (' Parasit Vectors', 100, 20614) , [' Parasit Vectors']
RESPIRATORY RESEARCH , (' Research', 90, 18758) , [' Research']
AIDS Research and Therapy , (' AIDS Res', 90, 1255) , [' AIDS Res']
BMC Pediatrics , (' Pediatrics', 95, 6186) , [' Pediatrics']
Human Resources for Health , (' Health', 90, 20795) , [' Health']
Trials  , (' Trials', 100, 19510) , [' Trials']
BMC Infectious diseases , (' Diseases', 90, 27612) , [' Diseases']
Veterinary Research , (' Research', 90, 18758) , [' Research']
Biophysical Journal , (' CAL', 90, 2588) , [' CAL']
European Journal of Endocrinology , (' Endocrinology', 90, 3393) , [' Endocrinology']
Journal of Endocrinology , (' Endocrinology', 90, 3393) , [' Endocrinology']
Journal of Molecular Endocrinology , (' Endocrinology', 90, 3393) , [' Endocrinology']
Journal of molecular Endocrinology , (' Endocrinology', 90, 3393) , [' Endocrinology']
ReproductionCambridge England , (' Reproduction', 90, 9629) , [' Reproduction']
Cellular Microbiology , (' Microbiology', 90, 2474) , [' Microbiology']
Arthritis Research and Therapy , (' Arthritis Res', 90, 9564) , [' Arthritis Res']
BMC Infectious Diseases , (' Diseases', 90, 27612) , [' Diseases']
BMC Medical Ethics , (' CAL', 90, 2588) , [' CAL']
BMC Medical Imaging , (' Aging', 90, 329) , [' Aging']
Cost Effectiveness and Resource Allocation , (' Hosp Cost Manag Account', 86, 1219) , [' Hosp Cost Manag Account']
Trials , (' Trials', 100, 19510) , [' Trials']
BJOPHTHALMOL , (' J Ophthalmol', 92, 22853) , [' J Ophthalmol']
BMJ , (' BMJ', 100, 2190) , [' BMJ']
BMJ Open , (' BMJ Open', 100, 24875) , [' BMJ Open']
British Journal of Ophthalmology , (' Ophthalmology', 90, 6049) , [' Ophthalmology']
British Journal of Opthalmology , (' Journal', 90, 17222) , [' Journal']
British Medical Journal , (' CAL', 90, 2588) , [' CAL']
Frontline Gastroenterology , (' Frontline Gastroenterol', 94, 24089) , [' Frontline Gastroenterol']
Journal of Clinical Pathology , (' Clinica', 90, 2957) , [' Clinica']
Journal of Epidemiology & Community Health  , (' Epidemiology', 90, 1054) , [' Epidemiology']
Journal of Medical Ethics , (' Ethics', 90, 13005) , [' Ethics']
Journal of Medical Genetics , (' Genetics', 90, 3724) , [' Genetics']
Journal of Neurology Neurosurgery & Psychiatry , (' Neurology', 90, 5858) , [' Neurology']
Journal of Neurology Neurosurgery & Psychiatry  , (' Neurology', 90, 5858) , [' Neurology']
Journal of Neurology Neurosurgery and Psychiatry , (' Neurology', 90, 5858) , [' Neurology']
Sexually Transmitted Infections , (' Infection', 90, 4092) , [' Infection']
Gut , (' Gut', 100, 3776) , [' Gut']
Archives of Disease in Childhood , (' Childhood', 90, 20000) , [' Childhood']
BMJ OPEN , (' BMJ Open', 100, 24875) , [' BMJ Open']
BMJ QUALITY AND SAFETY , (' BMJ', 90, 2190) , [' BMJ']
Heart , (' Heart', 100, 8409) , [' Heart']
Journal of Epidemiology & Community Health , (' Epidemiology', 90, 1054) , [' Epidemiology']
Medical Humanities , (' CAL', 90, 2588) , [' CAL']
Sexually Transmitted Infections                          , (' Infection', 90, 4092) , [' Infection']
Thorax , (' Thorax', 100, 7489) , [' Thorax']
Sex Transm Infect , (' Sex Transm Infect', 100, 8907) , [' Sex Transm Infect']
BMJ open , (' BMJ Open', 100, 24875) , [' BMJ Open']
Journal of Epidemiology and Community Health , (' Epidemiology', 90, 1054) , [' Epidemiology']
Postgraduate Medical Journal , (' Journal', 90, 17222) , [' Journal']
Veterinary Record , (' Veterinaria', 74, 18166) , [' Veterinaria', ' Veterinaria']
THORAX an international journal for Respiratory Medicine , (' Journal', 90, 17222) , [' Journal']
European Journal of Health Law , (' Europe', 90, 12784) , [' Europe']
Journal of Neuroscience , (' Neuroscience', 90, 5873) , [' Neuroscience']
Heart and Circulatory Physiology , (' Heart', 90, 8409) , [' Heart']
Antimicobial Agents and Chemotherapy , (' Chemotherapy', 90, 2790) , [' Chemotherapy']
J Clin Microbiol , (' J Clin Microbiol', 100, 4474) , [' J Clin Microbiol']
JOURNAL OF BACTERIOLOGY , (' Log', 90, 5378) , [' Log']
Journal of Clinical Microbiology , (' Microbiology', 90, 2474) , [' Microbiology']
mBio , (' MBio', 100, 23390) , [' MBio']
International Psychogeriatrics , (' Geriatrics', 90, 3735) , [' Geriatrics']
Parasitology , (' Parasitology', 100, 6138) , [' Parasitology']
Medical History , (' CAL', 90, 2588) , [' CAL']
Ageing & Society , (' Society', 90, 7304) , [' Society']
British Journal for the History of Science , (' Science', 90, 7240) , [' Science']
British Journal of the History of Science , (' Science', 90, 7240) , [' Science']
Epidemiology and Infection , (' Epidemiology', 90, 1054) , [' Epidemiology']
Expert Reviews in Molecular Medicine , (' In Vivo', 86, 1155) , [' In Vivo']
International Journal of Law in Context , (' Nation', 90, 13029) , [' Nation']
Jnl of the International Neuropsychological Society , (' Society', 90, 7304) , [' Society']
Public Health Nutrition , (' Nutrition', 90, 2014) , [' Nutrition']
Pyschological Medicine , (' CAL', 90, 2588) , [' CAL']
Urban History , (' Urban History', 100, 19652) , [' Urban History']
Visual Neuroscience , (' Neuroscience', 90, 5873) , [' Neuroscience']
American Journal of Human Genetics , (' Genetics', 90, 3724) , [' Genetics']
Stem Cell Reports , (' Stem Cell Reports', 100, 26638) , [' Stem Cell Reports']
Journal of Clinical Endocrinology and Metabolism , (' Clinica', 90, 2957) , [' Clinica']
Journal of Virol , (' RN', 90, 7113) , [' RN']
Journal of the International AIDS Society , (' Society', 90, 7304) , [' Society']
Genes & Development , (' Development', 90, 3334) , [' Development']
Learning and Memory , (' Memory', 90, 8266) , [' Memory']
Genome Research , (' Genome', 90, 3727) , [' Genome']
RNA , (' RNA', 100, 8253) , [' RNA']
Journal of Cell Science , (' Cell', 90, 2707) , [' Cell']
Biology Open , (' Log', 90, 5378) , [' Log']
Development , (' Development', 100, 3334) , [' Development']
Developmental Cell , (' Cell', 90, 2707) , [' Cell']
Disease Models and Mechanisms , (' Graph Models', 86, 16983) , [' Graph Models']
J Cell Sci , (' J Cell Sci', 100, 4432) , [' J Cell Sci']
International Reviews of Immunology , (' Immunology', 90, 4027) , [' Immunology']
Journal of the International African Institute , (' Nation', 90, 13029) , [' Nation']
Cell Reports , (' Stem Cell Reports', 95, 26638) , [' Stem Cell Reports']
American Journal for Clinical Nutrition , (' Nutrition', 90, 2014) , [' Nutrition']
American Journal of Clinical Nutrition , (' Nutrition', 90, 2014) , [' Nutrition']
Cell Press - Cell Reports , (' Cell', 90, 2707) , [' Cell']
G3 Genes Genomes Genetics , (' Genetics', 90, 3724) , [' Genetics']
GENETICS , (' Genetics', 100, 3724) , [' Genetics']
Genetics  , (' Genetics', 100, 3724) , [' Genetics']
J Immunol  , (' J Immunol', 100, 4654) , [' J Immunol']
Proceedings of the National Academy of Sciences , (' Science', 90, 7240) , [' Science']
The Journal of Immunology , (' Immunology', 90, 4027) , [' Immunology']
J Immunol , (' J Immunol', 100, 4654) , [' J Immunol']
Journal of Nutrition , (' Nutrition', 90, 2014) , [' Nutrition']
PNAS , (' Acta Anaesthesiol', 68, 10) , [' Acta Anaesthesiol']
Neuroimage , (' Neuroimage', 100, 8544) , [' Neuroimage']
Academy of Nutrition and Dietetics , (' Nutrition', 90, 2014) , [' Nutrition']
American Journal of Geriatric Psychiatry , (' Psychiatry', 90, 6542) , [' Psychiatry']
American Journal of Preventive Medicine , (' Prevent', 90, 15214) , [' Prevent']
Analytical Biochemistry , (' Biochemistry', 90, 992) , [' Biochemistry']
Animal Behaviour , (' Behaviour', 90, 932) , [' Behaviour']
Applied Energy , (' Appl Energy', 88, 21290) , [' Appl Energy']
Asian Journal of Psychiatry , (' Psychiatry', 90, 6542) , [' Psychiatry']
Atherosclerosis , (' Atherosclerosis', 100, 871) , [' Atherosclerosis']
BBA - Molecular Basis of Disease , (' An Ilustre Col Of Med', 86, 10894) , [' An Ilustre Col Of Med']
Behavior Research and Therapy , (' Research', 90, 18758) , [' Research']
Behaviour Research and Therapy , (' Behaviour', 90, 932) , [' Behaviour']
Behavioural Brain Research , (' Behaviour', 90, 932) , [' Behaviour']
Biochemical and Biophysical Research Communications , (' Research', 90, 18758) , [' Research']
Biochemical Pharmacology , (' CAL', 90, 2588) , [' CAL']
Biochimica et Bioohysica Acta - Gene Regulatory Mechanisms , (' Acta Allergol', 86, 9) , [' Acta Allergol']
Biochimica et Bioohysica Acta - Molecular Basis of Disease , (' Acta Allergol', 86, 9) , [' Acta Allergol']
Biochimica et Biophysica Acta - Molecular Basis of Disease , (' Physica A', 90, 10442) , [' Physica A']
Biochimica et Biophysica Acta BBA - Molecular Cell Research , (' Cell Res', 90, 8557) , [' Cell Res']
Biochimie , (' Biochimie', 100, 1007) , [' Biochimie']
Biological Psychiatry , (' CAL', 90, 2588) , [' CAL']
BIOLOGICAL PSYCHOLOGY , (' CAL', 90, 2588) , [' CAL']
Biomaterials , (' Biomaterials', 100, 1101) , [' Biomaterials']
Biosystems , (' Biosystems', 100, 1154) , [' Biosystems']
Bone , (' Bone', 100, 1650) , [' Bone']
Brain and Cognition , (' Brain', 90, 1852) , [' Brain']
Brain and Language , (' Brain', 90, 1852) , [' Brain']
Brain Research , (' Brain', 90, 1852) , [' Brain']
Cancer Letters , (' Cancer', 90, 2653) , [' Cancer']
Cell , (' Cell', 100, 2707) , [' Cell']
Cell Calcium , (' Cell Calcium', 100, 2717) , [' Cell Calcium']
Cell Host and Microbe , (' Cell Host Microbe', 95, 19926) , [' Cell Host Microbe']
Cell Journal , (' Cell', 90, 2707) , [' Cell']
Cell Metabolism , (' Cell', 90, 2707) , [' Cell']
Cell Stem Cell , (' Cell Stem Cell', 100, 20580) , [' Cell Stem Cell']
Cellular Signalling , (' Cell', 90, 2707) , [' Cell']
Chemsitry & Biology , (' Log', 90, 5378) , [' Log']
Clinical Neurology and Neurosurgery , (' Clinica', 90, 2957) , [' Clinica']
Clinical Radiology , (' CAL', 90, 2588) , [' CAL']
Cognition , (' Cognition', 100, 2969) , [' Cognition']
Cognitive Development , (' Development', 90, 3334) , [' Development']
Consciousness & Cognition , (' Cognition', 90, 2969) , [' Cognition']
Consciousness and Cognition , (' Cognition', 90, 2969) , [' Cognition']
Cortex , (' Cortex', 100, 3056) , [' Cortex']
Current Biology , (' Log', 90, 5378) , [' Log']
CURRENT BIOLOGY , (' Log', 90, 5378) , [' Log']
Current Opinion in Neurobiology  , (' Neurobiology', 90, 5839) , [' Neurobiology']
Current Opinion Microbiology , (' Microbiology', 90, 2474) , [' Microbiology']
Current Opinions in Neurobiology , (' Neurobiology', 90, 5839) , [' Neurobiology']
DEVELOPMENT CELL , (' Development', 95, 3334) , [' Development']
Developmental Biology , (' Development', 90, 3334) , [' Development']
Developmental Cognitive Neuroscience  , (' Development', 90, 3334) , [' Development']
Diagnostic Microbiology and Infectious Disease , (' Microbiology', 90, 2474) , [' Microbiology']
Elsevier , (' E', 90, 16187) , [' E']
Endeavour , (' Endeavour', 100, 3384) , [' Endeavour']
Epilepsy Research , (' Research', 90, 18758) , [' Research']
European Journal of cell Biology , (' Cell', 90, 2707) , [' Cell']
European Journal of Medical Genetics , (' Genetics', 90, 3724) , [' Genetics']
European Neuropsychopharmacology , (' Neuropsychopharmacology', 95, 1328) , [' Neuropsychopharmacology']
Experimental Cell Research , (' Cell', 90, 2707) , [' Cell']
Experimental Eye Research , (' Research', 90, 18758) , [' Research']
Experimental Hematology , (' Log', 90, 5378) , [' Log']
Experimental Neurology , (' Log', 90, 5378) , [' Log']
Experimental Parasitology , (' Parasitology', 90, 6138) , [' Parasitology']
FEBS Letters , (' FEBS Lett', 86, 3553) , [' FEBS Lett']
Febs Letters , (' FEBS Lett', 86, 3553) , [' FEBS Lett']
FEBS Open Bio , (' FEBS Open Bio', 100, 25225) , [' FEBS Open Bio']
Fertility and Sterility , (' Fertil Steril', 72, 3562) , [' Fertil Steril']
Free Radical and Biology Medicine , (' Free Radic Res', 86, 2435) , [' Free Radic Res']
Fungal Biology , (' Log', 90, 5378) , [' Log']
Fungal Ecology , (' Log', 90, 5378) , [' Log']
Gene , (' Gene', 100, 3739) , [' Gene']
GENE , (' Gene', 100, 3739) , [' Gene']
Gene Therapy , (' Gene', 90, 3739) , [' Gene']
Health & Place , (' Health Place', 95, 9378) , [' Health Place']
Health and Place , (' Health Place', 95, 9378) , [' Health Place']
Immnunobiology , (' Immunobiology', 96, 4023) , [' Immunobiology']
Immunity , (' Immunity', 100, 8137) , [' Immunity']
Immunology Letters , (' Immunology', 90, 4027) , [' Immunology']
Infection Genetics and Evolution , (' Genetics', 90, 3724) , [' Genetics']
Int Journal for Parasitology , (' Parasitology', 90, 6138) , [' Parasitology']
International Health , (' RNA', 90, 8253) , [' RNA']
International Journal for Parasitology , (' Parasitology', 90, 6138) , [' Parasitology']
International journal of applied earth observation and geoinformation , (' Can J Earth Sci', 86, 10076) , [' Can J Earth Sci']
International Journal of Biochemistry & Cell Biology , (' Biochemistry', 90, 992) , [' Biochemistry']
International Journal of Cardiology , (' Cardiology', 90, 2684) , [' Cardiology']
International Journal of Parasitology , (' Parasitology', 90, 6138) , [' Parasitology']
J Mol Biol , (' J Mol Biol', 100, 4804) , [' J Mol Biol']
J Steroid Biochem Mol Biol , (' J Steroid Biochem Mol Biol', 100, 1754) , [' J Steroid Biochem Mol Biol']
Journal of Affective Disorders , (' Journal', 90, 17222) , [' Journal']
Journal of Affective Disorders  , (' Journal', 90, 17222) , [' Journal']
JOURNAL OF ALLERGY & CLINICAL IMMUNOLOGY , (' Allergy', 90, 362) , [' Allergy']
Journal of Allergy and Clinical Immunology , (' Allergy', 90, 362) , [' Allergy']
Journal of allergy and clinical immunology , (' Allergy', 90, 362) , [' Allergy']
Journal of Anthropological Archaeology , (' Archaeology', 90, 12780) , [' Archaeology']
Journal of Archaeological Science , (' Science', 90, 7240) , [' Science']
Journal of Behavior Therapy and Experimental Psychiatry , (' Psychiatry', 90, 6542) , [' Psychiatry']
Journal of Behaviour therapy and Experimental Psychiatry , (' Behaviour', 90, 932) , [' Behaviour']
Journal of Clinical Epidemiology , (' Epidemiology', 90, 1054) , [' Epidemiology']
Journal of Clinical Virology , (' Clinica', 90, 2957) , [' Clinica']
Journal of cycstic fibrosis , (' Journal', 90, 17222) , [' Journal']
Journal of Hepatology , (' Hepatology', 90, 3945) , [' Hepatology']
Journal of Historical Geography , (' Geography', 90, 11498) , [' Geography']
Journal of Hospital Infections , (' Infection', 90, 4092) , [' Infection']
Journal of Infection , (' Infection', 90, 4092) , [' Infection']
Journal of Mechanisms of Ageing and Development , (' Development', 90, 3334) , [' Development']
Journal of Molecular Biology , (' Journal', 90, 17222) , [' Journal']
Journal of Neuroscience Methods , (' Neuroscience', 90, 5873) , [' Neuroscience']
Journal of Nutrition Education and Behaviour , (' Behaviour', 90, 932) , [' Behaviour']
Journal of paediatric Urology  , (' Urology', 90, 7659) , [' Urology']
Journal of Proteomics , (' RNA', 90, 8253) , [' RNA']
Journal of Structural Biology , (' Journal', 90, 17222) , [' Journal']
Journal of the American Academy of Child and Adolescent Psychiatry  , (' Psychiatry', 90, 6542) , [' Psychiatry']
Journal of the American College of Cardiology , (' Cardiology', 90, 2684) , [' Cardiology']
Journal of the Neurological Sciences , (' Science', 90, 7240) , [' Science']
Journal of Transport Geography , (' Geography', 90, 11498) , [' Geography']
Journal of Virological Methods , (' Methods', 90, 8478) , [' Methods']
Lancet , (' Lancet', 100, 5303) , [' Lancet']
Lancet Global Health , (' Lancet Glob Health', 95, 27231) , [' Lancet Glob Health']
Learning and Individual Differences , (' Differences', 90, 16835) , [' Differences']
Matrix Biology , (' Log', 90, 5378) , [' Log']
Maturitas , (' Maturitas', 100, 5591) , [' Maturitas']
Mechanisms of Ageing and Development  , (' Development', 90, 3334) , [' Development']
Microbes and Infection , (' Infection', 90, 4092) , [' Infection']
Microbes Infect , (' Microbes Infect', 100, 9356) , [' Microbes Infect']
Mol Bio , (' Mol Biol', 93, 5703) , [' Mol Biol']
Molecluar & Cellular Endocrinology , (' Endocrinology', 90, 3393) , [' Endocrinology']
Molecular & Biochemical Parasitology , (' Parasitology', 90, 6138) , [' Parasitology']
Molecular and Cellular Endocrinology , (' Endocrinology', 90, 3393) , [' Endocrinology']
MOLECULAR BIOLOGY , (' Log', 90, 5378) , [' Log']
Molecular Genetics and Metabolism , (' Genetics', 90, 3724) , [' Genetics']
Molecular Immunology , (' Immunology', 90, 4027) , [' Immunology']
Molecular Phylogenetics and Evolution , (' Genetics', 90, 3724) , [' Genetics']
N Biotechnol , (' N Biotechnol', 100, 20629) , [' N Biotechnol']
Neurobiology of Aging , (' Aging', 90, 329) , [' Aging']
Neurobiology of Disease , (' Log', 90, 5378) , [' Log']
Neurobiology of Learning and Memory , (' Neurobiology', 90, 5839) , [' Neurobiology']
Neurochemistry International , (' Chemistry', 90, 9418) , [' Chemistry']
NeuroImage , (' Neuroimage', 100, 8544) , [' Neuroimage']
Neuroimage Clinical , (' CAL', 90, 2588) , [' CAL']
Neuroimage clinical , (' CAL', 90, 2588) , [' CAL']
NeuroImage Clinical , (' CAL', 90, 2588) , [' CAL']
NeuroImage Clinical  , (' CAL', 90, 2588) , [' CAL']
Neurolmage , (' Neuroimage', 90, 8544) , [' Neuroimage']
Neuromuscular Disorders , (' Neuro', 90, 28112) , [' Neuro']
Neuron , (' Neuron', 100, 1545) , [' Neuron']
Neuropharmacology , (' Neuropharmacology', 100, 5863) , [' Neuropharmacology']
Neuropharmacology  , (' Neuropharmacology', 100, 5863) , [' Neuropharmacology']
Neurophysiologia , (' Log', 90, 5378) , [' Log']
Neuropsychologia , (' Neuropsychologia', 100, 5869) , [' Neuropsychologia']
Neuroscience , (' Neuroscience', 100, 5873) , [' Neuroscience']
Neuroscience  , (' Neuroscience', 100, 5873) , [' Neuroscience']
Neuroscience and Behavioural Reviews , (' Behaviour', 90, 932) , [' Behaviour']
Neuroscience Letters , (' Neuroscience', 90, 5873) , [' Neuroscience']
Nitric Oxide , (' Nitric Oxide', 100, 8709) , [' Nitric Oxide']
Ophthalmology , (' Ophthalmology', 100, 6049) , [' Ophthalmology']
Osteoarthritis and Cartilage , (' Osteoarthritis Cartilage', 95, 8247) , [' Osteoarthritis Cartilage']
Pain , (' Pain', 100, 6128) , [' Pain']
Parkinsonism and Related Disorders , (' Parkinsonism Relat Disord', 85, 9304) , [' Parkinsonism Relat Disord']
Parsitology , (' Parasitology', 96, 6138) , [' Parasitology']
Personality and Individual Differences , (' Differences', 90, 16835) , [' Differences']
Preventive Medicine , (' Prevent', 90, 15214) , [' Prevent']
Protein Expr Purif , (' Protein Expr Purif', 100, 2139) , [' Protein Expr Purif']
Protist , (' Protist', 100, 8791) , [' Protist']
Pulmonary Pharmacology & Therapeutics , (' Pharmacology', 90, 6225) , [' Pharmacology']
RESEARCH IN VETERINARY SCIENCE , (' Science', 90, 7240) , [' Science']
Schizophrenia Research , (' Research', 90, 18758) , [' Research']
Seizure , (' Seizure', 100, 8118) , [' Seizure']
Seminars in Oncology , (' Semina', 90, 2361) , [' Semina']
Social Science & Medicine , (' Science', 90, 7240) , [' Science']
Social Science and Medicine , (' Science', 90, 7240) , [' Science']
Stem Cell Research , (' Cell Stem Cell', 95, 20580) , [' Cell Stem Cell']
Structure , (' Structure', 100, 9866) , [' Structure']
Studies in History and Philosophy of Science Part C , (' Science', 90, 7240) , [' Science']
Studies in History and Philosophy of Science Part C Studies in History and Philosophy of Biological and Biomedical Sciences , (' Acta Pathol Microbiol Scand C', 86, 161) , [' Acta Pathol Microbiol Scand C']
Tetrahedron Letters , (' Tetrahedron Lett', 91, 7466) , [' Tetrahedron Lett']
The Americal Journal of Human Genetics , (' Genetics', 90, 3724) , [' Genetics']
The American Journal of Human Genetics , (' Genetics', 90, 3724) , [' Genetics']
The International Journal of Biochemistry & Cell Biology , (' Biochemistry', 90, 992) , [' Biochemistry']
The Journal of Steroid Biochemistry & Molecular Biology , (' Biochemistry', 90, 992) , [' Biochemistry']
The Lancet , (' Lancet', 90, 5303) , [' Lancet']
The Lancet Neurology , (' Lancet', 90, 5303) , [' Lancet']
The Vet Journal , (' ET J', 90, 3460) , [' ET J']
Ticks and Tick-borne Diseases , (' Diseases', 90, 27612) , [' Diseases']
Transactions of the Royal Society of Tropical Medicine and Hygiene , (' Medicine Baltimore', 86, 5549) , [' Medicine Baltimore']
Trends in Cognitive Science , (' Science', 90, 7240) , [' Science']
Trends in Genetics , (' Genetics', 90, 3724) , [' Genetics']
Trends in Microbiology , (' Microbiology', 90, 2474) , [' Microbiology']
Trends in Molecular Medicine , (' In Vivo', 86, 1155) , [' In Vivo']
Trends in Neuroscience , (' Neuroscience', 90, 5873) , [' Neuroscience']
Trends in Neurosciences , (' Neuroscience', 90, 5873) , [' Neuroscience']
Trends in Parasitology , (' Log', 90, 5378) , [' Log']
Tuberculosis , (' Tuberculosis Edinb', 90, 9856) , [' Tuberculosis Edinb']
Vaccine , (' Vaccine', 100, 7697) , [' Vaccine']
Vascular Pharmacology , (' Log', 90, 5378) , [' Log']
Veterinary Microbiology , (' Microbiology', 90, 2474) , [' Microbiology']
Veterinary Parasitology , (' Log', 90, 5378) , [' Log']
Virology , (' Virology', 100, 7766) , [' Virology']
Virus Research , (' Virus Res', 90, 7719) , [' Virus Res']
Vision Research , (' Vision Res', 90, 7770) , [' Vision Res']
American Journal of Preventive Medicine  , (' Prevent', 90, 15214) , [' Prevent']
Lancet  , (' Lancet', 100, 5303) , [' Lancet']
Lancet Infect Dis , (' Lancet Infect Dis', 100, 14459) , [' Lancet Infect Dis']
Math Biosci , (' Math Biosci', 100, 2013) , [' Math Biosci']
Social Science & Medicine  , (' Science', 90, 7240) , [' Science']
STRUCTURE , (' Structure', 100, 9866) , [' Structure']
Curr Biol , (' Curr Biol', 100, 8105) , [' Curr Biol']
Cell Host & Microbe , (' Cell Host Microbe', 95, 19926) , [' Cell Host Microbe']
Endocrinology , (' Endocrinology', 100, 3393) , [' Endocrinology']
Molecular Endocrinology , (' Endocrinology', 90, 3393) , [' Endocrinology']
European Respiratory Journal , (' Europe', 90, 12784) , [' Europe']
FASEB Journal , (' FASEB J', 90, 3670) , [' FASEB J']
Journal of Leukocyte Biology , (' Journal', 90, 17222) , [' Journal']
The FASEB Journal , (' FASEB J', 90, 3670) , [' FASEB J']
Haematologica , (' Haematologica', 100, 3795) , [' Haematologica']
Haematologica/The Haematology Journal , (' Haematologica', 90, 3795) , [' Haematologica']
Frontiers in Auditory Cognitive Neuroscience , (' Neuroscience', 90, 5873) , [' Neuroscience']
Frontiers in Behavioral Neuroscience , (' Neuroscience', 90, 5873) , [' Neuroscience']
Frontiers in Brain Imaging Methods , (' Aging', 90, 329) , [' Aging']
Frontiers in Cellular Neuroscience , (' Neuroscience', 90, 5873) , [' Neuroscience']
Frontiers in Cognition , (' Cognition', 90, 2969) , [' Cognition']
Frontiers in Cognitive Science , (' Science', 90, 7240) , [' Science']
Frontiers in Decision Neuroscience , (' Neuroscience', 90, 5873) , [' Neuroscience']
Frontiers in Developmental Psychology , (' Development', 90, 3334) , [' Development']
Frontiers in Electrophysiology , (' In Vivo', 86, 1155) , [' In Vivo']
Frontiers in Endocrinology , (' Endocrinology', 90, 3393) , [' Endocrinology']
Frontiers in Genetics , (' Genetics', 90, 3724) , [' Genetics']
Frontiers in Human Neuroscience , (' Neuroscience', 90, 5873) , [' Neuroscience']
Frontiers in Immunological Memory , (' Memory', 90, 8266) , [' Memory']
Frontiers in Inflammation , (' Inflammation', 90, 4076) , [' Inflammation']
Frontiers in Invertebrate Physiology , (' In Vivo', 86, 1155) , [' In Vivo']
Frontiers in Molecular Neuroscience , (' Neuroscience', 90, 5873) , [' Neuroscience']
Frontiers in Schizophrenia , (' In Vivo', 86, 1155) , [' In Vivo']
Frontiers in Systems Neuroscience , (' Neuroscience', 90, 5873) , [' Neuroscience']
Frontiers in Integrative Neuroscience , (' Neuroscience', 90, 5873) , [' Neuroscience']
Frontiers in Perception Science , (' Perception', 90, 6194) , [' Perception']
Frontiers in Consciousness Research , (' Research', 90, 18758) , [' Research']
Frontiers in Immunology , (' Immunology', 90, 4027) , [' Immunology']
Frontiers in Neural Circuits , (' Behav Neural Biol', 86, 922) , [' Behav Neural Biol']
Frontiers in Neurorobotics , (' Neuro', 90, 28112) , [' Neuro']
Frontiers in T Cell Biology , (' Cell', 90, 2707) , [' Cell']
Future Neurology , (' Log', 90, 5378) , [' Log']
Future Virology , (' Log', 90, 5378) , [' Log']
Future Microbiology , (' Future Microbiol', 91, 20038) , [' Future Microbiol']
Future Medicinal Chemistry , (' Chemistry', 90, 9418) , [' Chemistry']
International Journal of Rheumatology , (' Rheumatology', 90, 7057) , [' Rheumatology']
JOURNAL OF ALLERGY , (' Allergy', 90, 362) , [' Allergy']
Journal of Parasitology Research , (' Parasitology', 90, 6138) , [' Parasitology']
OXIDATIVE MEDICINE & CELLULAR LONGEVITY , (' Medicine Baltimore', 86, 5549) , [' Medicine Baltimore']
Methods in Molecular Biology , (' Methods', 90, 8478) , [' Methods']
Oncotarget , (' Oncotarget', 100, 23380) , [' Oncotarget']
Molecular Membrane Biology , (' Biol', 90, 20239) , [' Biol']
Expert Reviews in Anti-infective Chemotherapy , (' Chemotherapy', 90, 2790) , [' Chemotherapy']
Nanotechnology , (' Nanotechnology', 100, 19340) , [' Nanotechnology']
IJTLD , (' A A G Bijdr', 60, 10991) , [' A A G Bijdr']
International Journal of Tuberculosis  and Lung Disease , (' Journal', 90, 17222) , [' Journal']
Acta Crystallographica Section D Biological Crystallography , (' Acta Crystallogr', 90, 49) , [' Acta Crystallogr']
Acta Crystallographica Section D , (' Acta Crystallogr', 90, 49) , [' Acta Crystallogr']
Acta Crystallography D , (' Log', 90, 5378) , [' Log']
Acta D , (' Acta Dermatol Kyoto Engl Ed', 90, 53) , [' Acta Dermatol Kyoto Engl Ed']
ACTA F , (' Acta Allergol', 86, 9) , [' Acta Allergol']
J Synchrotron Radiat , (' J Synchrotron Radiat', 100, 9972) , [' J Synchrotron Radiat']
Journal of Applied Crystallography , (' Journal', 90, 17222) , [' Journal']
Acta Crystallographica Section D  Biological Crystallography  , (' Acta Crystallogr', 90, 49) , [' Acta Crystallogr']
Acta Crystallographica Section F Structural Biology and Crystallization Communications , (' Acta Crystallogr', 90, 49) , [' Acta Crystallogr']
Physics in Biology and Medicine , (' Biol', 90, 20239) , [' Biol']
Journal of Alzheimer Disease , (' Journal', 90, 17222) , [' Journal']
Theranostics , (' Theranostics', 100, 24393) , [' Theranostics']
J Med Internet Research , (' J Med', 90, 4764) , [' J Med']
American Journal of Medical Genetics , (' Genetics', 90, 3724) , [' Genetics']
Genetic Epidemiology , (' Epidemiology', 90, 1054) , [' Epidemiology']
The Journal of Pathology , (' Log', 90, 5378) , [' Log']
European Journal of Immunology , (' Immunology', 90, 4027) , [' Immunology']
Journal of Depression & Anxiety , (' Anxiety', 90, 8635) , [' Anxiety']
Journal of Pathology , (' Log', 90, 5378) , [' Log']
Clinical and Experimental Allergy , (' Allergy', 90, 362) , [' Allergy']
EMBO Molecular Medicine , (' EMBO J', 86, 3450) , [' EMBO J']
Biopolymers , (' Biopolymers', 100, 1144) , [' Biopolymers']
Development Science , (' Development', 90, 3334) , [' Development']
Journal of Medical Virology , (' Virology', 90, 7766) , [' Virology']
Molecular Microbiology , (' Microbiology', 90, 2474) , [' Microbiology']
Population Space and Place , (' Popul', 90, 16022) , [' Popul']
Traffic , (' Traffic', 100, 9575) , [' Traffic']
Tropical Medicine and International Health , (' Nation', 90, 13029) , [' Nation']
The Journal of Physiology , (' Journal', 90, 17222) , [' Journal']
Heptology , (' Hepatology', 95, 3945) , [' Hepatology']
Bulletin of the History of Medicine , (' Medicine Baltimore', 86, 5549) , [' Medicine Baltimore']
National Academy of Sciences , (' Science', 90, 7240) , [' Science']
Journal of Visualized Experiments , (' Journal', 90, 17222) , [' Journal']
Journal of Neurology & Translational Neuroscience , (' Neurology', 90, 5858) , [' Neurology']
Nephron Physiology , (' Nephron Physiol', 91, 17326) , [' Nephron Physiol']
Neurodegenerative Diseases , (' Gene', 90, 3739) , [' Gene']
Neuroepidemiology , (' Neuroepidemiology', 100, 5844) , [' Neuroepidemiology']
Neuropsychobiology , (' Neuropsychobiology', 100, 5868) , [' Neuropsychobiology']
Respiration , (' Respiration', 100, 6698) , [' Respiration']
Autophagy , (' Autophagy', 100, 19677) , [' Autophagy']
Cell Adhesion and Migration , (' Cell', 90, 2707) , [' Cell']
Cell Cycle , (' Cell Cycle', 100, 17306) , [' Cell Cycle']
Channels , (' Channels', 100, 15237) , [' Channels']
Epigenetics , (' Epigenetics', 100, 19840) , [' Epigenetics']
Epigentics , (' Epigenetics', 95, 19840) , [' Epigenetics']
RNA Biology , (' Log', 90, 5378) , [' Log']
RNA biology , (' Log', 90, 5378) , [' Log']
Neurology , (' Neurology', 100, 5858) , [' Neurology']
Antioxidants & Redox Signaling , (' Sign', 90, 13876) , [' Sign']
Antioxidants and Redox Signaling , (' Sign', 90, 13876) , [' Sign']
Tissue Engineering part A , (' Tissue Eng', 90, 9005) , [' Tissue Eng']
Stem Cells and Development , (' Stem Cells', 90, 2201) , [' Stem Cells', ' Stem Cells']
International journal of molecular sciences , (' Science', 90, 7240) , [' Science']
JERPH , (' E', 90, 16187) , [' E']
Sensors , (' E', 90, 16187) , [' E']
Journal of Cognitive Neuroscience , (' Neuroscience', 90, 5873) , [' Neuroscience']
The Journal of Cognitive Neuroscience , (' Neuroscience', 90, 5873) , [' Neuroscience']
Journal of Visualized Experiements , (' Journal', 90, 17222) , [' Journal']
Journal of Visulaized expermiments , (' Journal', 90, 17222) , [' Journal']
Journal of Visualized Experiments  , (' Journal', 90, 17222) , [' Journal']
PNAS Proceedings of the National Academy of Sciences of the United States of America , (' Pap Ser United Hosp Fund N Y', 86, 2352) , [' Pap Ser United Hosp Fund N Y']
Proceddings of the National Academy of Sciences of USA , (' Science', 90, 7240) , [' Science']
Proceedings of the National Academy of Sciences  , (' Science', 90, 7240) , [' Science']
Proceedings of the National Academy of Sciences of the United States of America , (' Pap Ser United Hosp Fund N Y', 86, 2352) , [' Pap Ser United Hosp Fund N Y']
Proceedings of the National Academy of Sciences of the United States of America  , (' Pap Ser United Hosp Fund N Y', 86, 2352) , [' Pap Ser United Hosp Fund N Y']
Biosocieties , (' Biosocieties', 100, 25323) , [' Biosocieties']
British Journal of Cancer , (' Cancer', 90, 2653) , [' Cancer']
Cell Death & Disease , (' Cell', 90, 2707) , [' Cell']
Cell Death and Differentiation , (' Cell', 90, 2707) , [' Cell']
Cell Death and Disease  , (' Cell', 90, 2707) , [' Cell']
Frontiers , (' Frontiers Boulder', 90, 11558) , [' Frontiers Boulder']
Genetics in Medicine , (' Genetics', 90, 3724) , [' Genetics']
Journal of Cerebral Blood Flow and Metabolism , (' Metabolism', 90, 5579) , [' Metabolism']
Journal of cerebral blood flow and metabolism , (' Metabolism', 90, 5579) , [' Metabolism']
Journal of Investigative Dermatology , (' Dermatology', 90, 1929) , [' Dermatology']
Mucosal Immunology , (' Mucosal Immunol', 91, 21386) , [' Mucosal Immunol']
Nature Communications , (' Nature', 90, 5802) , [' Nature']
Nature communications , (' Nature', 90, 5802) , [' Nature']
Scientific Reports , (' Int J Med Pharm Case Reports', 86, 28033) , [' Int J Med Pharm Case Reports']
EMBO Reports , (' EMBO Rep', 90, 9838) , [' EMBO Rep']
European Journal of Human Genetics , (' Genetics', 90, 3724) , [' Genetics']
Leukemia , (' Leukemia', 100, 5364) , [' Leukemia']
Nature Neuroscience , (' Nature', 90, 5802) , [' Nature']
Cell Death Differentiation , (' Cell', 90, 2707) , [' Cell']
EMBO , (' EMBO J', 90, 3450) , [' EMBO J']
EMBO Journal , (' EMBO J', 90, 3450) , [' EMBO J']
EMBO reports , (' EMBO Rep', 90, 9838) , [' EMBO Rep']
International Journal of Obesity , (' Nation', 90, 13029) , [' Nation']
Kidney International , (' Kidney Int', 90, 5261) , [' Kidney Int']
Nature Scientific Reports , (' Nature', 90, 5802) , [' Nature']
Neuropsychopharmacology , (' Neuropsychopharmacology', 100, 1328) , [' Neuropsychopharmacology']
Oncogene , (' Oncogene', 100, 6107) , [' Oncogene']
Sci Rep , (' Sci Rep', 100, 24723) , [' Sci Rep']
Scientific Reports-11-00861B , (' Lobund reports', 86, 22898) , [' Lobund reports']
The EMBO journal , (' EMBO J', 90, 3450) , [' EMBO J']
The EMBO Journal , (' EMBO J', 90, 3450) , [' EMBO J']
The Journal of investigative dermatology , (' Dermatology', 90, 1929) , [' Dermatology']
Translational Psychiatry , (' Psychiatry', 90, 6542) , [' Psychiatry']
NATURE COMMUNICATIONS , (' Nature', 90, 5802) , [' Nature']
Optics Express , (' TIC', 90, 7496) , [' TIC']
Alcohol and Alcoholism , (' Alcohol Alcohol', 95, 1250) , [' Alcohol Alcohol']
American Jnl Epidemiology , (' Epidemiology', 90, 1054) , [' Epidemiology']
American Journal of Epidemiology , (' Epidemiology', 90, 1054) , [' Epidemiology']
Brain , (' Brain', 100, 1852) , [' Brain']
Briefings in Bioinformatics , (' Inform', 90, 4706) , [' Inform']
British Medical Bulletin , (' CAL', 90, 2588) , [' CAL']
Cerebral Cortex , (' Cortex', 90, 3056) , [' Cortex']
Clinical Infectious Diseases , (' Clinica', 90, 2957) , [' Clinica']
Clinical Infectious Diseases Online , (' Clinica', 90, 2957) , [' Clinica']
European Heart Journal Online , (' Heart', 90, 8409) , [' Heart']
Health Policy Planning  , (' Health Policy Plan', 90, 3657) , [' Health Policy Plan']
Human Molecular Genetics , (' Genetics', 90, 3724) , [' Genetics']
Int J Epidemiol , (' Int J Epidemiol', 100, 4138) , [' Int J Epidemiol']
International Joural of Epidemiology , (' Epidemiology', 90, 1054) , [' Epidemiology']
International Journal of Epidemiology , (' Epidemiology', 90, 1054) , [' Epidemiology']
Journal of Antimicrobial Chemotherapy , (' Chemotherapy', 90, 2790) , [' Chemotherapy']
Journal of Infectious Diseases , (' Journal', 90, 17222) , [' Journal']
Journal of the National Cancer Institute , (' Cancer', 90, 2653) , [' Cancer']
Nucleic Acids Research , (' Research', 90, 18758) , [' Research']
Public Health Ethics , (' Public Health Ethics', 100, 21398) , [' Public Health Ethics']
Rheumatology , (' Rheumatology', 100, 7057) , [' Rheumatology']
Schizophrenia Bulletin , (' CNA Bull', 79, 2966) , [' CNA Bull']
Social Cognitive and Affective Neuroscience , (' Neuroscience', 90, 5873) , [' Neuroscience']
Cardiovascular Research , (' Research', 90, 18758) , [' Research']
Clinicla Infectious Disease , (' Diseases', 84, 27612) , [' Diseases']
Glycobiology , (' Glycobiology', 100, 2006) , [' Glycobiology']
Inyernational Journal of Epidemiology , (' Epidemiology', 90, 1054) , [' Epidemiology']
Journal of Gerontology Series A Medical Sciences , (' Gerontology', 90, 3742) , [' Gerontology']
Journal of Public Health , (' Public Health', 90, 6574) , [' Public Health']
Molecular Biology and Evolution , (' Evolution', 90, 8043) , [' Evolution']
Nicotine and Tobaco Research , (' Research', 90, 18758) , [' Research']
Social History of Medicine , (' History Lond', 86, 12787) , [' History Lond']
Bioinformatics Online , (' Inform', 90, 4706) , [' Inform']
Cerebral Cortex print , (' Cortex', 90, 3056) , [' Cortex']
Human Mol Genetics Online , (' Genetics', 90, 3724) , [' Genetics']
Age and Ageing , (' Age Ageing', 95, 328) , [' Age Ageing']
Biinformatics , (' Bioinformatics', 96, 8851) , [' Bioinformatics']
Bioinformatics , (' Bioinformatics', 100, 8851) , [' Bioinformatics']
Brain Online , (' Brain', 90, 1852) , [' Brain']
Briefings in Functional Genomics , (' Genomics', 90, 3994) , [' Genomics']
Cerebral Cortex Online , (' Cortex', 90, 3056) , [' Cortex']
Database , (' Database', 100, 13026) , [' Database']
European Journal of Public Health , (' Public Health', 90, 6574) , [' Public Health']
Health Promotion International , (' Health Promot', 90, 4451) , [' Health Promot']
History Workshop Journal , (' RNA', 90, 8253) , [' RNA']
Human molecular genetics , (' Genetics', 90, 3724) , [' Genetics']
Human Molecular Genetics Online , (' Genetics', 90, 3724) , [' Genetics']
Human Reproduction , (' Reproduction', 90, 9629) , [' Reproduction']
International Immunology , (' Immunology', 90, 4027) , [' Immunology']
Journal of Infectious Diseases , (' Journal', 90, 17222) , [' Journal']
Medical Law Review , (' CAL', 90, 2588) , [' CAL']
Mol Biol and Evolution , (' Mol Biol', 90, 5703) , [' Mol Biol']
Nephrology Dialysis and Transplantation , (' Transplantation', 90, 7592) , [' Transplantation']
Nephrology Dialysis Transplantation , (' Planta', 90, 2210) , [' Planta']
Nucleic Acid Research , (' Research', 90, 18758) , [' Research']
NUCLEIC ACIDS RESEARCH , (' Research', 90, 18758) , [' Research']
Nucleic Acids Research  , (' Research', 90, 18758) , [' Research']
Oxford Journals , (' FO', 90, 3571) , [' FO']
Oxford University Press , (' Blood Press', 86, 2484) , [' Blood Press']
Protein Engineering Design and Selection  , (' Protein Eng', 90, 6396) , [' Protein Eng']
QJM An International Journal of Medicine , (' Nation', 90, 13029) , [' Nation']
The Journal of Infectious Diseases , (' Journal', 90, 17222) , [' Journal']
Clinical Infectious Diseases  , (' Clinica', 90, 2957) , [' Clinica']
J Infect Dis , (' J Infect Dis', 100, 4668) , [' J Infect Dis']
Schizophrenia Bulletin  , (' CNA Bull', 79, 2966) , [' CNA Bull']
Nucleic Acids Research , (' Research', 90, 18758) , [' Research']
BioSocieties , (' Biosocieties', 100, 25323) , [' Biosocieties']
Environment and Planning A , (' Environment', 90, 15263) , [' Environment']
PLOS Computational Biology , (' Biol', 90, 20239) , [' Biol']
PLoS Genetics , (' Genetics', 90, 3724) , [' Genetics']
Plos Genetics , (' Genetics', 90, 3724) , [' Genetics']
PLOS NTD , (' PLoS Comput Biol', 86, 19318) , [' PLoS Comput Biol']
PLoS ONE , (' PLoS One', 100, 19735) , [' PLoS One']
PloS One , (' PLoS One', 100, 19735) , [' PLoS One']
PLoS One , (' PLoS One', 100, 19735) , [' PLoS One']
PLOS One , (' PLoS One', 100, 19735) , [' PLoS One']
Plos One , (' PLoS One', 100, 19735) , [' PLoS One']
PLOS Pathogens , (' Pathogens', 90, 25918) , [' Pathogens']
PLOS Genetics , (' Genetics', 90, 3724) , [' Genetics']
PLOS ONE , (' PLoS One', 100, 19735) , [' PLoS One']
PNAS USA , (' Health Care Ethics USA', 86, 13394) , [' Health Care Ethics USA']
Proceedings of the National Academy of Sciences of the USA , (' Sciences', 90, 20277) , [' Sciences']
Proc Natl Acad Sci U S A , (' Proc Natl Acad Sci U S A', 100, 6428) , [' Proc Natl Acad Sci U S A']
Proceedings of the national Academy of Sciences , (' Science', 90, 7240) , [' Science']
Journal of Poverty and Social Justice , (' Journal', 90, 17222) , [' Journal']
ASN Neuro , (' ASN Neuro', 100, 21778) , [' ASN Neuro']
Biochemical Journal , (' RNA', 90, 8253) , [' RNA']
Biochemical Journals , (' CAL', 90, 2588) , [' CAL']
Biochemical Society Transactions , (' Society', 90, 7304) , [' Society']
Essays in Biochemistry , (' Biochemistry', 90, 992) , [' Biochemistry']
The Biochemical Journal , (' RNA', 90, 8253) , [' RNA']
BIOCHEM SOC TRANS , (' Biochem Soc Trans', 100, 3195) , [' Biochem Soc Trans']
Bioscience Reports , (' Bioscience', 90, 3196) , [' Bioscience']
Proceedings of the National Academy of Sciences PNAS , (' Science', 90, 7240) , [' Science']
Biology , (' Pathobiology', 90, 1362) , [' Pathobiology']
Computational Biology , (' Log', 90, 5378) , [' Log']
Neglected Tropical Disease , (' E N E', 86, 20093) , [' E N E']
PLOS , (' PLoS Biol', 90, 17539) , [' PLoS Biol']
Plos , (' PLoS Biol', 90, 17539) , [' PLoS Biol']
PLoS , (' PLoS Biol', 90, 17539) , [' PLoS Biol']
PLOS  Computational Biology , (' Biol', 90, 20239) , [' Biol']
PLOS  ONE , (' One One', 95, 6046) , [' One One']
PLoS 1 , (' Ateneo Parmense 1', 86, 870) , [' Ateneo Parmense 1']
PLoS Biology , (' Log', 90, 5378) , [' Log']
PLoS Computational Biology , (' Biol', 90, 20239) , [' Biol']
PLOS COMPUTATIONAL BIOLOGY , (' Biol', 90, 20239) , [' Biol']
PLoS GENETICS , (' Genetics', 90, 3724) , [' Genetics']
PLoS Medicine , (' PLoS Med', 90, 19055) , [' PLoS Med']
PLoS Medicine Journal , (' RNA', 90, 8253) , [' RNA']
PLoS Negected Tropical Diseases , (' Diseases', 90, 27612) , [' Diseases']
PLoS Neglected Tropical Diseases , (' Diseases', 90, 27612) , [' Diseases']
PLOS Neglected Tropical Diseases , (' Diseases', 90, 27612) , [' Diseases']
Plos ONE , (' PLoS One', 100, 19735) , [' PLoS One']
Plos one , (' PLoS One', 100, 19735) , [' PLoS One']
PloS ONE , (' PLoS One', 100, 19735) , [' PLoS One']
PLoS Pathogens , (' Pathogens', 90, 25918) , [' Pathogens']
Plos Pathogens , (' Pathogens', 90, 25918) , [' Pathogens']
PLoSONE , (' PLoS One', 93, 19735) , [' PLoS One']
PLosONE , (' PLoS One', 93, 19735) , [' PLoS One']
Pmedicine-D-12-03130 , (' Popul Rep D', 86, 2107) , [' Popul Rep D', ' Popul Rep D']
PNTD , (' Am J Ment Defic', 68, 425) , [' Am J Ment Defic']
PONE-D12-17947 , (' One One', 86, 6046) , [' One One']
Public Library of Science , (' Science', 90, 7240) , [' Science']
Public Library of Science ONE , (' Science', 90, 7240) , [' Science']
Public Service Review , (' Am J Pharm Sci Support Public Health', 86, 439) , [' Am J Pharm Sci Support Public Health']
J Cardiovasc Magn Reson , (' J Cardiovasc Magn Reson', 100, 9974) , [' J Cardiovasc Magn Reson']
British Journal of Psychiatry , (' Psychiatry', 90, 6542) , [' Psychiatry']
Britsh Journal of Psychiatry , (' Psychiatry', 90, 6542) , [' Psychiatry']
The British Journal of Psychiatry , (' Psychiatry', 90, 6542) , [' Psychiatry']
Biology Letters , (' Log', 90, 5378) , [' Log']
Interface , (' Med Interface', 95, 2430) , [' Med Interface']
Journal of the Royal Society Interface , (' Society', 90, 7304) , [' Society']
Journal of the Royal Society Interface , (' Society', 90, 7304) , [' Society']
Philos Trans R Soc London B Biol Sci , (' Philos Trans R Soc Lond B Biol Sci', 97, 8015) , [' Philos Trans R Soc Lond B Biol Sci']
Philosophical Transactions B , (' Acta Chem Scand B', 86, 34) , [' Acta Chem Scand B']
Proceedings B , (' Acta Microbiol Pol B', 86, 109) , [' Acta Microbiol Pol B']
Proceedings of Royal Society , (' Society', 90, 7304) , [' Society']
Proceedings of the Royal Society , (' Society', 90, 7304) , [' Society']
Proceedings of the Royal Society B Biological Sciences , (' Science', 90, 7240) , [' Science']
Chemical Communication , (' CAL', 90, 2588) , [' CAL']
Chemical Society Reviews , (' CAL', 90, 2588) , [' CAL']
Dalton Transactions , (' Dalton Trans', 90, 18924) , [' Dalton Trans']
Photochemical & Photobiological Sciences , (' Science', 90, 7240) , [' Science']
Organic & Biomolecular Chemistry , (' Chemistry', 90, 9418) , [' Chemistry']
Chronic Illness , (' Chronic Illn', 89, 19671) , [' Chronic Illn']
European Journal of Preventive Cardiology , (' Cardiology', 90, 2684) , [' Cardiology']
Health An Interdisciplinary Journal for the Social Study of Health Illness and Medicine , (' Adm Ment Health', 86, 245) , [' Adm Ment Health']
History of the Human Sciences , (' Science', 90, 7240) , [' Science']
Journal of Histochemistry & Cytochemistry , (' Histochemistry', 90, 3895) , [' Histochemistry']
Neuroscientist , (' Neuroscientist', 100, 9990) , [' Neuroscientist']
Psychological Science , (' CAL', 90, 2588) , [' CAL']
Social Studies of Science , (' Science', 90, 7240) , [' Science']
Journal of Psychopharmacology , (' Pharmacology', 90, 6225) , [' Pharmacology']
Reproductive Sciences , (' Science', 90, 7240) , [' Science']
Journal of the Royal Society of Medicine Short Reports , (' Society', 90, 7304) , [' Society']
European History Quarterly , (' Europe', 90, 12784) , [' Europe']
Qualitative Research , (' Research', 90, 18758) , [' Research']
International Journal of Financial Research , (' Nation', 90, 13029) , [' Nation']
Journal of Biomedical Graphics and Computing , (' Biomedica', 90, 14435) , [' Biomedica']
Health   , (' Health', 100, 20795) , [' Health']
American Journal of Tropical Medicine & Hygiene , (' Journal', 90, 17222) , [' Journal']
Endocrine Related Cancer , (' Cancer', 90, 2653) , [' Cancer']
Journal of General Virology , (' Gene', 90, 3739) , [' Gene']
Journal of Microbiology , (' Microbiology', 90, 2474) , [' Microbiology']
Microbiology , (' Microbiology', 100, 2474) , [' Microbiology']
SGM Open Option , (' Open Med', 86, 20484) , [' Open Med']
Journal of Neuroscience  , (' Neuroscience', 90, 5873) , [' Neuroscience']
The Journal of Neuroscience , (' Neuroscience', 90, 5873) , [' Neuroscience']
Acta Dermato Venereologica , (' Acta Allergol', 86, 9) , [' Acta Allergol']
Acta Diabetologica , (' Log', 90, 5378) , [' Log']
Acta Neuropathol , (' Acta Neuropathol', 100, 126) , [' Acta Neuropathol']
Acta Neuropathologica , (' Log', 90, 5378) , [' Log']
Advances in Experimental Medicine and Biology , (' In Vivo', 86, 1155) , [' In Vivo']
Anal Bioanal Chem , (' Anal Bioanal Chem', 100, 14489) , [' Anal Bioanal Chem']
Biogerontology , (' Biogerontology', 100, 14263) , [' Biogerontology']
Biomedical Microdevices , (' CAL', 90, 2588) , [' CAL']
Brain Structure and Function , (' Brain', 90, 1852) , [' Brain']
Brain Topography  , (' Brain', 90, 1852) , [' Brain']
Calcified Tissue International , (' Nation', 90, 13029) , [' Nation']
Cell and Tissue Research , (' Cell', 90, 2707) , [' Cell']
Cellular and Molecular Cell Sciences , (' Science', 90, 7240) , [' Science']
Cellular and Molecular Life Sciences , (' Life Sci', 90, 5328) , [' Life Sci']
Chromosome Research , (' Research', 90, 18758) , [' Research']
Cognitive Processing , (' EURASIP J Appl Signal Processing', 86, 19511) , [' EURASIP J Appl Signal Processing']
Cognitive Therapy and Research , (' Research', 90, 18758) , [' Research']
Current Atherosclerosis Reports , (' Atherosclerosis', 90, 871) , [' Atherosclerosis']
Current Obstetrics and Gynecology Reports  , (' Ecology', 90, 10829) , [' Ecology']
Development Genes and Evolution , (' Development', 90, 3334) , [' Development']
Diabetologia , (' Diabetologia', 100, 3266) , [' Diabetologia']
European Child and Adolescent Psychiatry , (' Psychiatry', 90, 6542) , [' Psychiatry']
European Child and Adolescent Psychiatty , (' Europe', 90, 12784) , [' Europe']
European Journal of Clinical Pharmacology , (' Clinica', 90, 2957) , [' Clinica']
European Journal of Epidemiology , (' Epidemiology', 90, 1054) , [' Epidemiology']
European Radiology , (' Log', 90, 5378) , [' Log']
Experimental Brain Research , (' Brain', 90, 1852) , [' Brain']
Hernia , (' Hernia', 100, 9709) , [' Hernia']
Immunogenetics , (' Immunogenetics', 100, 4046) , [' Immunogenetics']
Inflammation Research , (' Inflammation', 90, 4076) , [' Inflammation']
Journal of Autism and Development Disorders , (' Development', 90, 3334) , [' Development']
Journal of Autism and Developmental Disorders , (' Development', 90, 3334) , [' Development']
Journal of Bioethical Inquiry , (' Inquiry', 90, 4102) , [' Inquiry']
Journal of Biological Physics , (' Journal', 90, 17222) , [' Journal']
Journal of Computational Neuroscience , (' Neuroscience', 90, 5873) , [' Neuroscience']
Journal of Inherited Metabolic , (' Meta', 90, 12941) , [' Meta']
Journal of Molecular Neuroscience , (' Neuroscience', 90, 5873) , [' Neuroscience']
Journal of Neurology , (' Log', 90, 5378) , [' Log']
Journal of the Association for Research in Otolaryngology , (' Otolaryngology', 90, 6103) , [' Otolaryngology']
Mammalian Genome , (' Mammalia', 90, 3218) , [' Mammalia']
Metabolomics , (' Metabolomics', 100, 19605) , [' Metabolomics']
Molecular and Cellular Biochemistry , (' Biochemistry', 90, 992) , [' Biochemistry']
Neurogenetics , (' Neurogenetics', 100, 8742) , [' Neurogenetics']
Neuroinformatics , (' Neuroinformatics', 100, 18800) , [' Neuroinformatics']
Neuromolecular Medicine , (' Neuro', 90, 28112) , [' Neuro']
Osteoporosis International , (' Nation', 90, 13029) , [' Nation']
Pflugers Archiv , (' Pflugers Arch', 93, 6207) , [' Pflugers Arch']
Pflugers Archive , (' Pflugers Arch', 90, 6207) , [' Pflugers Arch']
Psychopharmacology , (' Psychopharmacology Suppl', 95, 6409) , [' Psychopharmacology Suppl']
Reproductive Medicine and Biology , (' Medicine Baltimore', 86, 5549) , [' Medicine Baltimore']
Seminars in Immunopathology , (' Semina', 90, 2361) , [' Semina']
Social Psychiatry & Psychiatric Epidemiology , (' Epidemiology', 90, 1054) , [' Epidemiology']
Social Psychiatry and Psychiatric Epidemiol , (' Psychiatry', 90, 6542) , [' Psychiatry']
Social Psychiatry and Psychiatric Epidemiology , (' Epidemiology', 90, 1054) , [' Epidemiology']
Springer , (' Springer Semin Immunopathol', 90, 7418) , [' Springer Semin Immunopathol']
The Journal of Abnormal Child Psychology and Psychiatry  , (' Psychiatry', 90, 6542) , [' Psychiatry']
Tropical Animal Health & Production , (' Animal', 90, 19970) , [' Animal']
Urolithiasis , (' Urolithiasis', 100, 26101) , [' Urolithiasis']
AIDS Behav , (' AIDS Behav', 100, 8935) , [' AIDS Behav']
Open Choice , (' Choice Middletown', 86, 13002) , [' Choice Middletown']
Springer Science + Business Media , (' Science', 90, 7240) , [' Science']
Journal of Bioenergetics and Biomembranes , (' Biomembranes', 90, 1132) , [' Biomembranes']
Childs Nerv Syst , (' Childs Nerv Syst', 100, 2675) , [' Childs Nerv Syst']
Age , (' Age', 100, 16611) , [' Age']
Biomolecular NMR Assignments , (' Sign', 90, 13876) , [' Sign']
Journal of Molecular Medicine , (' Journal', 90, 17222) , [' Journal']
Journal of Neural Transmission , (' Journal', 90, 17222) , [' Journal']
Journal of The American Society for Mass Spectrometry , (' Society', 90, 7304) , [' Society']
AGE , (' Age', 100, 16611) , [' Age']
Azania Archaeological Research in Africa  , (' Research', 90, 18758) , [' Research']
AIDS Care , (' AIDS Care', 100, 1020) , [' AIDS Care']
Aids Care , (' AIDS Care', 100, 1020) , [' AIDS Care']
Annals of Science , (' Science', 90, 7240) , [' Science']
Canadian Journal of African Studies , (' Studies', 90, 12743) , [' Studies']
Child Neuropsychology , (' Neuropsychology', 95, 9081) , [' Neuropsychology']
English Studies , (' Studies', 90, 12743) , [' Studies']
European Journal of English Studies , (' Studies', 90, 12743) , [' Studies']
Journal of Cultural Economy , (' Journal', 90, 17222) , [' Journal']
Medical Anthropology , (' CAL', 90, 2588) , [' CAL']
Science as Culture , (' Science', 90, 7240) , [' Science']
Am J Bioeth , (' Am J Bioeth', 100, 14299) , [' Am J Bioeth']
Ethn Health , (' Ethn Health', 100, 8744) , [' Ethn Health']
American Journal of Bioethics--Neuroscience , (' Neuroscience', 90, 5873) , [' Neuroscience']
South Asian History and Culture , (' An Hist', 90, 12842) , [' An Hist']
The History of the Family , (' History Lond', 86, 12787) , [' History Lond']
Journal of Experimental Nanoscience , (' Science', 90, 7240) , [' Science']
J Med Chem , (' J Med Chem', 100, 4776) , [' J Med Chem']
Journal of Applied Physiology , (' Journal', 90, 17222) , [' Journal']
Molecular & Cellular Proteomics , (' Cell', 90, 2707) , [' Cell']
Pediatrics , (' Pediatrics', 100, 6186) , [' Pediatrics']
BIOL OPEN , (' Biol Open', 100, 25487) , [' Biol Open']
Development  , (' Development', 100, 3334) , [' Development']
Journal of Clinical Endocrinology , (' Clinica', 90, 2957) , [' Clinica']
Journal od Clinical Endocrinology , (' Clinica', 90, 2957) , [' Clinica']
The Journal of Visualized Experiments , (' Journal', 90, 17222) , [' Journal']
BJP , (' BJPsych Bull', 90, 28613) , [' BJPsych Bull']
Philosophical Transactions of the Royal Society of London Series B Biological Sciences , (' Acta Chem Scand B', 86, 34) , [' Acta Chem Scand B']
RSTB 20120145 , (' SBC', 60, 14201) , [' SBC']
Cancer Research , (' Cancer', 90, 2653) , [' Cancer']
Science-Research , (' Science', 90, 7240) , [' Science']
Am J Trop Med Hyg , (' Am J Trop Med Hyg', 100, 460) , [' Am J Trop Med Hyg']
Developing World Bioethics , (' WORLD', 90, 9808) , [' WORLD']
International Journal of Developmental Biology , (' Development', 90, 3334) , [' Development']
Acta Physiol , (' Acta Physiol Hung', 95, 174) , [' Acta Physiol Hung']
Addiction , (' Addiction', 100, 2181) , [' Addiction']
Aging Cell , (' Aging Cell', 100, 17490) , [' Aging Cell']
Alimentrary Pharmacology & Therapeutics , (' Pharmacology', 90, 6225) , [' Pharmacology']
American Ethnologist , (' HNO', 90, 3899) , [' HNO']
American Journal of Medical Genetics Part A , (' Genetics', 90, 3724) , [' Genetics']
Angewande Chemie , (' Chem', 90, 29844) , [' Chem']
Angewandte Chemie , (' Chem', 90, 29844) , [' Chem']
Annals of Human Genetics , (' Genetics', 90, 3724) , [' Genetics']
Annals of Neurology , (' Log', 90, 5378) , [' Log']
Annals of Neurology  , (' Log', 90, 5378) , [' Log']
Annals of the New York Academy of Sciences , (' Science', 90, 7240) , [' Science']
Arthritis & Rheumatism , (' Rheumatism', 90, 7054) , [' Rheumatism']
Arthritis and Rheumatism , (' Rheumatism', 90, 7054) , [' Rheumatism']
Bioethics , (' Bioethics', 100, 13109) , [' Bioethics']
Birth Defects Research Part A Clinical and Molecular Teratology , (' Teratology', 90, 7463) , [' Teratology']
Birth Defects Research Part A Clinical and Molecular Teratology  , (' Teratology', 90, 7463) , [' Teratology']
British Journal of Clinical Pharmacology , (' Clinica', 90, 2957) , [' Clinica']
British Journal of Dermatology , (' Dermatology', 90, 1929) , [' Dermatology']
British Journal of Haematology , (' Journal', 90, 17222) , [' Journal']
British Journal of Pharmacology , (' Pharmacology', 90, 6225) , [' Pharmacology']
ChemBioChem , (' Chembiochem', 100, 14322) , [' Chembiochem']
Chemistry -  European Journal , (' Chemistry', 90, 9418) , [' Chemistry']
Child Psychology Psychiatry , (' J Child Psychol Psychiatry', 91, 4444) , [' J Child Psychol Psychiatry']
Clinical Genetics , (' CAL', 90, 2588) , [' CAL']
Cytoskeleton , (' Cell Motil Cytoskeleton', 90, 2726) , [' Cell Motil Cytoskeleton']
Development Dynamics , (' Development', 90, 3334) , [' Development']
Developmental Science , (' Development', 90, 3334) , [' Development']
Diabetic Medicine , (' TIC', 90, 7496) , [' TIC']
Ecology and Evolution , (' Log', 90, 5378) , [' Log']
Ecology Letters , (' Log', 90, 5378) , [' Log']
Epilepsia , (' Epilepsia', 100, 3427) , [' Epilepsia']
European Journal of Neuroscience , (' Neuroscience', 90, 5873) , [' Neuroscience']
Evolution , (' Evolution', 100, 8043) , [' Evolution']
Experimental Physiology , (' Log', 90, 5378) , [' Log']
FEBS J , (' FEBS J', 100, 19119) , [' FEBS J']
FEBS Journal , (' RN', 90, 7113) , [' RN']
FEMS Microbiology Letters , (' Microbiology', 90, 2474) , [' Microbiology']
Genes Brain Behaviour , (' Behaviour', 90, 932) , [' Behaviour']
genesis Journal of Genetics , (' Genetics', 90, 3724) , [' Genetics']
Glia , (' Glia', 100, 4073) , [' Glia']
HBM JNL Human Brain Mapping , (' Brain', 90, 1852) , [' Brain']
Hepatology , (' Hepatology', 100, 3945) , [' Hepatology']
Hippocampus , (' Hippocampus', 100, 2403) , [' Hippocampus']
Human Brain Mapping , (' Brain', 90, 1852) , [' Brain']
Human Mutation , (' J Physiol Anthropol Appl Human Sci', 86, 9517) , [' J Physiol Anthropol Appl Human Sci']
Human Mutation Variation Informatics and Disease , (' Inform', 90, 4706) , [' Inform']
Immunological Reviews , (' CAL', 90, 2588) , [' CAL']
Inflammatory Bowel Diseases , (' Diseases', 90, 27612) , [' Diseases']
International Journal of Geriatric Psychiatry , (' Psychiatry', 90, 6542) , [' Psychiatry']
International Journal of Stroke , (' Stroke', 90, 7377) , [' Stroke']
Journal of Bone and Mineral Research , (' Journal', 90, 17222) , [' Journal']
Journal of Cellular Biochemistry , (' Biochemistry', 90, 992) , [' Biochemistry']
Journal of Child Psychology and Psychiatry , (' Psychiatry', 90, 6542) , [' Psychiatry']
Journal of Evolutionary Biology , (' Evolution', 90, 8043) , [' Evolution']
Journal of Neurochemistry , (' Chemistry', 90, 9418) , [' Chemistry']
Journal of Neurochemistry  , (' Chemistry', 90, 9418) , [' Chemistry']
Journal of Neuroendocrinology , (' Endocrinology', 90, 3393) , [' Endocrinology']
Journal of the History of the Behavioral Sciences , (' Science', 90, 7240) , [' Science']
Journal of the Royal Statistical Society Series C Applied Statistics , (' Statistica', 90, 15114) , [' Statistica']
Magnetic Resonance in Medicine , (' In Vivo', 86, 1155) , [' In Vivo']
Magnetic Resonance in Medicine  , (' In Vivo', 86, 1155) , [' In Vivo']
Movement Disorders , (' Eat Disord', 81, 19459) , [' Eat Disord']
Movement Disorders  , (' Eat Disord', 81, 19459) , [' Eat Disord']
Muscle and Nerve , (' Muscle Nerve', 95, 5766) , [' Muscle Nerve']
Neuropathology and Applied Neurobiology , (' Neurobiology', 90, 5839) , [' Neurobiology']
NMR in Biomedicine , (' Biomedicine', 90, 1134) , [' Biomedicine']
Parasite Immunology , (' Parasite Immunol', 91, 6137) , [' Parasite Immunol']
Plant Biotechnology Journal , (' Biotechnology', 90, 2110) , [' Biotechnology']
Protein Science , (' Science', 90, 7240) , [' Science']
Rapid Communications in Mass Spectrometry , (' Biol Mass Spectrom', 86, 985) , [' Biol Mass Spectrom']
Sociology of Health & Illness , (' Sociology', 90, 13270) , [' Sociology']
Stem Cells , (' Stem Cells', 100, 2201) , [' Stem Cells', ' Stem Cells']
The FEBS Journal , (' RN', 90, 7113) , [' RN']
Brt Jnl Clinical Pharmacology , (' Clinica', 90, 2957) , [' Clinica']
Child Care Health Development , (' Development', 90, 3334) , [' Development']
Drug and Alcohol Review , (' Alcohol', 90, 1392) , [' Alcohol']
Evolutionary Applications , (' Evolution', 90, 8043) , [' Evolution']
Molecular Genetics & Genomic Medicine , (' Genetics', 90, 3724) , [' Genetics']
Maternal and Child Nutrition , (' Nutrition', 90, 2014) , [' Nutrition']
Evaluation in Clinical Practice , (' Clinica', 90, 2957) , [' Clinica']
JOURNAL OF NEUROCHEMISTRY , (' Chemistry', 90, 9418) , [' Chemistry']
Journal of Cell Physiology , (' Cell', 90, 2707) , [' Cell']
Journal of Internal Medicine , (' Journal', 90, 17222) , [' Journal']
Journal of Sleep Research , (' Sleep', 90, 7005) , [' Sleep']
CHILD Care Heath & Development  , (' Development', 90, 3334) , [' Development']
Dev World Bioeth , (' Dev World Bioeth', 100, 17524) , [' Dev World Bioeth']
Dev World Bioeth , (' Dev World Bioeth', 100, 17524) , [' Dev World Bioeth']
Eur J Immunol , (' Eur J Immunol', 100, 3474) , [' Eur J Immunol']
Influenza Other Respi Viruses , (' Influenza Other Respir Viruses', 98, 20327) , [' Influenza Other Respir Viruses']
Journal of Medical Virology  , (' Virology', 90, 7766) , [' Virology']
Marten Child Nutr , (' Matern Child Nutr', 94, 19665) , [' Matern Child Nutr']
Trop Med Int Health , (' Trop Med Int Health', 100, 8429) , [' Trop Med Int Health']
Clinical Transcriptional Science , (' Clinica', 90, 2957) , [' Clinica']
Immunology , (' Immunology', 100, 4027) , [' Immunology']
Acta Opthalmologica , (' Log', 90, 5378) , [' Log']
American Journal of Transplantation , (' Planta', 90, 2210) , [' Planta']
Angewandte Chemie International Edition , (' Med Interna', 82, 8283) , [' Med Interna']
British Jounal of Pharmacology , (' Pharmacology', 90, 6225) , [' Pharmacology']
British journal of Clinical Pharmacology , (' Clinica', 90, 2957) , [' Clinica']
Centaurus , (' Centaurus', 100, 2727) , [' Centaurus']
Criminal Behavior and Mental Health , (' Health', 90, 20795) , [' Health']
Depression and Anxiety , (' Anxiety', 90, 8635) , [' Anxiety']
Dermatologic Surgery , (' Log', 90, 5378) , [' Log']
Economic History Review , (' History Lond', 86, 12787) , [' History Lond']
Genetic Epidemology , (' Gene', 90, 3739) , [' Gene']
HPB , (' HPB Surg', 90, 1789) , [' HPB Surg']
International Journal of Experimental Pathology , (' Pathology', 90, 6162) , [' Pathology']
Journal of Comparative Neurology , (' Neurology', 90, 5858) , [' Neurology']
Journal of Evaluation in Clinical Practice , (' Clinica', 90, 2957) , [' Clinica']
Journal of Microscopy , (' RNA', 90, 8253) , [' RNA']
Journal of Orthopedic Research , (' Journal', 90, 17222) , [' Journal']
Journal of Viral Hepatitis , (' Journal', 90, 17222) , [' Journal']
Molecular Biology , (' Log', 90, 5378) , [' Log']
Obesity Reviews , (' Int Rev', 77, 17132) , [' Int Rev']
Statistics in Medicine , (' Stat', 90, 7355) , [' Stat']
Synapse , (' Synapse', 100, 7442) , [' Synapse']
The European Journal of Neuroscience , (' Neuroscience', 90, 5873) , [' Neuroscience']
Zoonoses and Public Health , (' Zoonoses Public Health', 95, 19911) , [' Zoonoses Public Health']
Angew chems Int Ed , (' Chem', 90, 29844) , [' Chem']
CHEMBIOCHEM , (' Chembiochem', 100, 14322) , [' Chembiochem']
Chemmedchem , (' ChemMedChem', 100, 19672) , [' ChemMedChem']
ChemMedChem , (' ChemMedChem', 100, 19672) , [' ChemMedChem']
Protemics , (' Proteomics', 95, 10003) , [' Proteomics']
Journal of Small Animal Practice , (' Journal', 90, 17222) , [' Journal']
AIDS , (' AIDS', 100, 1442) , [' AIDS']
AIDS Journal , (' AIDS', 90, 1442) , [' AIDS']
AIDS UK , (' AIDS', 90, 1442) , [' AIDS']
JAIDS Journal of Acquired Immune Deficiency Syndromes , (' Journal', 90, 17222) , [' Journal']
Journal of Acquired Immune Deficiency Syndroms JAIDS , (' Journal', 90, 17222) , [' Journal']
Journal of Aids , (' AIDS', 90, 1442) , [' AIDS']
Circulation Research , (' Circulation', 90, 2852) , [' Circulation']
Pediatr Infect Dis J , (' Pediatr Infect Dis J', 100, 6185) , [' Pediatr Infect Dis J']
Journal of Acquired Immune Deficiency Syndromes , (' Journal', 90, 17222) , [' Journal']
